{
  "written_at": "2026-04-04T14:40:50.217377+00:00",
  "written_by": "ContractGenerator",
  "source_file": "outputs/week3/extractions.jsonl",
  "contract_id": "week3-document-refinery-extractions",
  "columns": {
    "processing_time_ms": {
      "mean": 1958.73,
      "stddev": 756.7177776757363,
      "min": 625.0,
      "max": 3350.0
    },
    "token_count_input": {
      "mean": 5237.69,
      "stddev": 1538.1365394659877,
      "min": 2237.0,
      "max": 7524.0
    },
    "token_count_output": {
      "mean": 977.1,
      "stddev": 337.836356895471,
      "min": 315.0,
      "max": 1492.0
    },
    "extracted_fact_confidence": {
      "mean": 0.8415,
      "stddev": 0.09343473928390074,
      "min": 0.68,
      "max": 0.99
    },
    "extracted_fact_page_ref": {
      "mean": 22.43,
      "stddev": 11.990951976091361,
      "min": 1.0,
      "max": 45.0
    }
  }
}